UK-AIR ID,EU Site ID,EMEP Site ID,Site Name,Environment Type,Zone,Start Date,End Date,Latitude,Longitude,Northing,Easting,Altitude (m),Networks,AURN Pollutants Measured,Site Description
UKA00353,GB0681A,,Barnsley Gawber,Urban Background,Yorkshire & Humberside,07/07/1997,,53.56292,-1.510436,407478.45,432524.22,100,Automatic Urban and Rural Monitoring Network (AURN); Black Carbon; Non-Automatic Hydrocarbon Network,,"The monitoring station is within a free-standing enclosure located on the edge of a sports field surrounded on two sides by residential properties. The site is situated approximately 290 metres from the nearest main road, Wilthorpe Road (A635). The surrounding area comprises of open space and nearby residential premises."
UKA00660,GB1101A,,Bath A4 Roadside,Urban Traffic,South West,24/10/2019,,51.390922,-2.35503,165825,375394,27,Automatic Urban and Rural Monitoring Network (AURN); Non-Automatic Hydrocarbon Network; UK Urban NO2 Network,,"Roadside monitoring station beside A4 London Road, between Thomas Street and Snow Hill. The monitoring station is located approximately 3 metres from the kerb."
UKA00306,GB0647A,,Bath Roadside,Urban Traffic,South West,18/11/1996,11/06/2019,51.391127,-2.354155,165847.02,375454.5,27,Automatic Urban and Rural Monitoring Network (AURN); Non-Automatic Hydrocarbon Network,,The monitoring station is located in the basement of a property adjacent to the A4 trunk road which runs from Bristol to Reading. This is a busy two lane two-way road which is subject to frequent congestion. The monitoring station is located approximately 150 metres from a set of traffic lights. The majority of the buildings surrounding the site are three to four storeys creating street canyons within the immediate vicinity.
UKA00212,GB0567A,,Belfast Centre,Urban Background,Belfast Metropolitan Urban Area,08/03/1992,,54.59965,-5.928833,529816.59,146337.91,10,Automatic Urban and Rural Monitoring Network (AURN); Automatic Urban and Rural Monitoring Network (AURN); Black Carbon; Heavy Metals; Non-Automatic Hydrocarbon Network; UKEAP: National Ammonia Monitoring Network,,"The monitoring station is within a self-contained, air-conditioned housing located at the junction between Lombard Street and High Street in a pedestrian precinct. The site is approximately 15 metres from the road junction. The surrounding area is built-up and comprises urban retail and business premises typically five-storeys high which create street canyons."
UKA00444,,,Belfast Roadside,Urban Traffic,Belfast Metropolitan Urban Area,07/05/2002,09/10/2007,54.594789,-5.857523,529020.7,150911.74,,Non-Automatic Hydrocarbon Network,,
UKA00626,GB1067A,,Birmingham A4540 Roadside,Urban Traffic,West Midlands Urban Area,06/09/2016,,52.476145,-1.874978,286475.7,408588.74,109,Automatic Urban and Rural Monitoring Network (AURN); Black Carbon; Non-Automatic Hydrocarbon Network; UK Urban NO2 Network,,Roadside monitoring station beside the A4540 (Watery Lane Middleway) which forms part of Birmingham's ring road. Located at the end of Keeley Street. The monitoring station is located approximately 6.5 metres from the kerb.
UKA00559,GB1013A,,Birmingham Acocks Green,Urban Background,West Midlands Urban Area,18/03/2011,01/10/2021,52.437165,-1.829999,282146,411653.98,134,Automatic Urban and Rural Monitoring Network (AURN); Non-Automatic Hydrocarbon Network,,"The monitoring station is within a self-contained, air-conditioned housing located within the grounds of an annex to a large school. The monitoring station is approximately 70 metres from the nearest road (other than car park access road), Shirley Road."
UKA00214,GB0569A,,Birmingham Centre,Urban Background,West Midlands Urban Area,18/03/1992,14/01/2009,52.479724,-1.908078,286870.45,406340.03,163,Automatic Urban and Rural Monitoring Network (AURN); Automatic Urban and Rural Monitoring Network (AURN); Non-Automatic Hydrocarbon Network,,"The monitoring station is within a self-contained, air conditioned housing located within a pedestrianised area of the city centre. The nearest road is approximately 10 metres distance and is used for access to the adjacent car park. The nearest heavily trafficked urban road is approximately 60 metres from the station. The manifold inlet is 3.5 metres above ground level. The surrounding area is generally open and comprises urban retail and business outlets. Trees occur within 2 metres distance of the monitoring station."
UKA00655,GB1097A,,Birmingham Ladywood,Urban Background,West Midlands Urban Area,01/06/2018,,52.481346,-1.918235,287050,405650,134,Automatic Urban and Rural Monitoring Network (AURN); Black Carbon; Non-Automatic Hydrocarbon Network; PAH Digitel (solid phase),,
UKA00547,GB1001A,,Birmingham Roadside 2,Urban Traffic,West Midlands Urban Area,22/07/2009,19/08/2010,52.459009,-1.871564,284569.99,408824.01,130,Non-Automatic Hydrocarbon Network,,
UKA00479,GB0851A,,Birmingham Tyburn,Urban Background,West Midlands Urban Area,16/08/2004,06/06/2017,52.511722,-1.830583,290439.26,411594.86,93,Automatic Urban and Rural Monitoring Network (AURN); Black Carbon; Non-Automatic Hydrocarbon Network; PAH Andersen; PAH Digitel (solid phase); Particle Concentrations and Numbers Network,,"The monitoring station is within a self-contained, air-conditioned housing located within the car park of council owned offices. The nearest road (other than car park access road) is approximately 60 metres north of the station, the A38 Tyburn Road . The site is located approximately 600 metres to the north of the M6 motorway."
UKA00543,GB0960A,,Birmingham Tyburn Roadside,Urban Traffic,West Midlands Urban Area,11/02/2009,07/09/2016,52.512194,-1.830861,290491.72,411575.87,93,Automatic Urban and Rural Monitoring Network (AURN); Black Carbon; Non-Automatic Hydrocarbon Network,,"The monitoring station is within a self-contained, air-conditioned housing located on the south side of the A38 in Tyburn outside council owned offices. The site is located approximately 700 metres to the north of the M6 motorway."
UKA00429,GB0741A,,Bournemouth,Urban Background,Bournemouth Urban Area,05/03/2001,,50.73957,-1.826744,93343.15,412321.91,30,Automatic Urban and Rural Monitoring Network (AURN); Non-Automatic Hydrocarbon Network,,"The monitoring station is within a self contained air conditioned mobile unit within the grounds of Porchester School. The nearest main road is the A338 Wessex Way approximately 770m from the site. The nearest residential road, Shepherds Way, is 48m from the site."
UKA00262,GB0639A,,Bristol Old Market,Urban Traffic,Bristol Urban Area,01/07/1996,03/10/2012,51.45603,-2.583519,173167.24,359552.96,17,Automatic Urban and Rural Monitoring Network (AURN); Non-Automatic Hydrocarbon Network,,"The monitoring station is located within a self contained, air conditioned unit adjacent to a building. The surrounding area is urban in nature comprising of retail and business premises. The nearest road, the A4044 Temple Way Underpass is approximately 10 metres from the instrument to the kerbside. The traffic flow along the A4044 is approximately 34,500 vehicles per day The sample inlet is approximately 2.5 metres above ground level."
UKA00322,GB0652A,,Bury Roadside,Urban Traffic,Greater Manchester Urban Area,20/01/1997,10/09/2013,53.53911,-2.289611,404757.2,380903.97,50,Automatic Urban and Rural Monitoring Network (AURN); Non-Automatic Hydrocarbon Network,,"The monitoring station is located within a self-contained, air conditioned housing located on the embankment of Junction 17, 16 metres away from the M60 motorway which has an annual average traffic flow of 162,000 vehicles. Within 21 metres distance of the site is a 3-lane roundabout The motorway and roundabout are subject to frequent congestion during peak traffic flow periods. The manifold inlet is approximately 3 metres above ground level. The surrounding area is generally open."
UKA00598,GB1040A,,Bury Whitefield Roadside,Urban Traffic,Greater Manchester Urban Area,11/07/2014,,53.559029,-2.293772,406974.42,380637.36,102,Automatic Urban and Rural Monitoring Network (AURN); Non-Automatic Hydrocarbon Network; UK Urban NO2 Network,,"The monitoring station is within a self-contained air conditioned mobile unit within the fenced grounds of St Bernadettes Roman Catholic Primary School, on the road side of A56 -Manchester road. The surrounding area comprises residential houses, in an urban environment. The monitoring station is located approximately 8 metres from the kerb."
UKA00396,GB0726A,,Cambridge Roadside,Urban Traffic,Eastern,26/06/1999,,52.20237,0.124456,258142.42,545279.43,19,Automatic Urban and Rural Monitoring Network (AURN); Non-Automatic Hydrocarbon Network,,The monitoring station is contained within the first floor offices of the City Council on Regent Street. The road is a busy urban street which leads traffic directly to the city centre shopping area. The monitoring station is located approximately 2.5 metres from the kerb.
UKA00259,GB0636A,,Camden Kerbside,Urban Traffic,Greater London Urban Area,16/05/1996,,51.544233,-0.175228,184392.96,526635.31,58,Automatic Urban and Rural Monitoring Network (AURN); Non-Automatic Hydrocarbon Network,,"The monitoring station is located in a self contained, air conditioned cabin on the north side of the Swiss Cottage Junction on the A41 (Finchley Road). The site is at the southern end of a broad street canyon, the road is often congested. Pedestrian traffic is also high. The surrounding area mainly consists of shops and offices. The site is part of the London Air Quality Network and is owned and funded by the London Borough of Camden. The monitoring station is located approximately 1 metre from the kerb."
UKA00932,GB1374A,,Carlisle Morton A595,Urban Traffic,North West & Merseyside,24/08/2021,,54.885823,-2.964955,554990.46,338195.25,41,Automatic Urban and Rural Monitoring Network (AURN); Non-Automatic Hydrocarbon Network,,Approximately 50m from Morton Community Centre. Enclosure located behind a 2m high listed wall. Located on Wigton Road (A595). The monitoring station is located approximately 8 metres from the kerb.
UKA00526,GB0925A,,Carlisle Roadside,Urban Traffic,North West & Merseyside,14/02/2008,30/06/2021,54.894834,-2.945307,555975.97,339469.19,11,Automatic Urban and Rural Monitoring Network (AURN); Non-Automatic Hydrocarbon Network,,"The monitoring station is located within a self-contained, air-conditioned housing on the south side of the A595 Castle Way. The surrounding area is open, with residential dwellings and light industrial activities. "
UKA00553,GB1007A,,Chatham Roadside,Urban Traffic,South East,25/03/2010,,51.374264,0.54797,166992.84,577436.75,80,Automatic Urban and Rural Monitoring Network (AURN); Non-Automatic Hydrocarbon Network; UK Urban NO2 Network,,"The monitoring station is within a self-contained, air-conditioned housing located inside school grounds on Rainham Road (A2). The surrounding area is urban residential. The monitoring station is located approximately 4 metres from the kerb."
UKA00529,GB0928A,,Chesterfield Roadside,Urban Traffic,East Midlands,11/03/2008,,53.231751,-1.456928,370661.22,436348.56,96,Automatic Urban and Rural Monitoring Network (AURN); Non-Automatic Hydrocarbon Network; UK Urban NO2 Network,,"The monitoring station is located within a self-contained air conditioned housing adjacent to property number 461, Chatsworth Road (A619). The surrounding area is predominantly residential with commercial/light industrial properties 400 metres to the east. The monitoring station is located approximately 3 metres from the kerb."
UKA00427,GB0739A,,Coventry Memorial Park,Urban Background,Coventry/Bedworth,26/02/2001,10/06/2014,52.394399,-1.519612,277483.87,432786.14,95,Automatic Urban and Rural Monitoring Network (AURN); Non-Automatic Hydrocarbon Network,,"The monitoring station is located within an aviary building in Memorial Park in Earlsdon. The current location replaced Coventry Centre in February 2001. The closet road to the station is Kenilworth Road (A429), approximately 100 metres to the north. The surrounding area is open parkland with residential dwellings surrounding the park. "
UKA00436,GB0744A,,Cwmbran,Urban Background,South Wales,20/07/2001,07/08/2020,51.6538,-3.006953,195481.48,330435.61,71,Automatic Urban and Rural Monitoring Network (AURN); Non-Automatic Hydrocarbon Network,,"The monitoring station is located within a self contained mobile unit within playing fields adjacent to school buildings. The nearest road, the residential access road Turnpike Drive is approximately 200 metres to the east of the station. The surrounding area is urban / semi-rural environment with undulating topography of a valley basin."
UKA00227,GB0786A,,Edinburgh Med. Sch.,Urban Background,Edinburgh Urban Area,13/05/1993,18/01/2006,55.94427,-3.191183,672999.34,325699.89,30,Automatic Hydrocarbon Network; Non-Automatic Hydrocarbon Network; UKEAP: National Ammonia Monitoring Network,,
UKA00454,GB0839A,,Edinburgh St Leonards,Urban Background,Edinburgh Urban Area,01/01/2003,,55.945589,-3.182186,673136.49,326264.3,81,Automatic Urban and Rural Monitoring Network (AURN); Black Carbon; Non-Automatic Hydrocarbon Network; PAH Andersen; PAH Digitel (solid phase); UKEAP: Acid Gases & Aerosol Network; UKEAP: National Ammonia Monitoring Network,,"The monitoring station is located within a self contained air conditioned housing located within a small park area. The park is adjacent to a medical centre car park which is located in the south side of Edinburgh. The nearest main road, Pleasance is approximately 35 metres away. It is a busy main road running into the city centre and out to the A7 South of Edinburgh."
UKA00336,GB0657A,,Glasgow Kerbside,Urban Traffic,Glasgow Urban Area,10/03/1997,,55.85894,-4.259122,665169.39,258698.5,10,Automatic Hydrocarbon Network; Automatic Urban and Rural Monitoring Network (AURN); Non-Automatic Hydrocarbon Network,,"The monitoring station is within a self-contained, air-conditioned housing located on the pavement of Hope Street adjacent to Glasgow Central Station. The nearest road is subject to frequent congestion during peak traffic flow periods. The surrounding area is built up. The monitoring station is located approximately 1 metre from the kerb."
UKA00420,GB0735A,,Grangemouth,Urban Industrial,Central Scotland,01/01/2001,,56.010319,-3.704399,681020.65,293829.88,4,Automatic Urban and Rural Monitoring Network (AURN); Non-Automatic Hydrocarbon Network; Urban Sulphate,,"The monitoring station located within a self contained, air conditioned housing within a public park, next to a residential area. It has an open aspect to a BP petro-chemical complex 300m to the north. The nearest road is approximately 50 metres from the station, and is a residential access road. "
UKA00260,GB0637A,,Haringey Roadside,Urban Traffic,Greater London Urban Area,16/05/1996,,51.5993,-0.068218,190707.13,533893.52,12,Automatic Urban and Rural Monitoring Network (AURN); Non-Automatic Hydrocarbon Network,,"The monitoring station is located within a self contained, air conditioned housing on the kerbside on Tottenham High Road near Hampden Lane. The surrounding area is urban in nature with residential dwellings.  The monitoring station is located approximately 7.7 metres from the kerb."
UKA00359,GB0686A,,Hove Roadside,Urban Traffic,Brighton/Worthing/Littlehampton,16/09/1997,20/11/2007,50.82778,-0.170294,104733.01,528960.17,13,Automatic Urban and Rural Monitoring Network (AURN); Non-Automatic Hydrocarbon Network,,"The monitoring station is within an existing building in the base of the clocktower located near a busy urban road (average traffic flow 17,100 vehicles per day). The manifold inlet is located approximately 4 metres above ground level and approximately 4 metres from the kerbside. The surrounding area is generally open and comprises retail outlets and business premises."
UKA00450,GB0776A,,Hull Freetown,Urban Background,Kingston upon Hull,06/11/2002,,53.74878,-0.341222,429322.05,509481.95,4,Automatic Urban and Rural Monitoring Network (AURN); Non-Automatic Hydrocarbon Network,,"The monitoring station is located within a self-contained, air conditioning housing located on the northern edge of a car park which is situated on the northern edge of the city centre. The nearest road is approximately 3 metres from the station, this is a access road. The A165 is approximately 45 metres south of the monitoring station. Immediately to the east and west are landscaped areas of shrubs and saplings. To the north is a cul-de-sac with office buildings."
UKA00536,GB1002A,,Killingholme,Unknown Industrial,Yorkshire & Humberside,02/09/2008,17/03/2010,53.628562,-0.262762,416072.33,514982.15,,Non-Automatic Hydrocarbon Network,,
UKA00265,GB0643A,,Leamington Spa,Urban Background,West Midlands,26/07/1996,,52.28881,-1.533119,265733.01,431942.76,55,Automatic Urban and Rural Monitoring Network (AURN); Non-Automatic Hydrocarbon Network,,"The monitoring station is within a self-contained, air conditioned housing located at the rear of a three-storey Regency terrace near the town centre. The nearest road is used for access to the office and public buildings car park located nearby. The nearest urban road is approximately 50 metres from the station and is generally free flowing. There are no trees within 50 metres distance from the monitoring station. The surrounding area is generally built up with commercial and residential properties. "
UKA00222,GB0584A,,Leeds Centre,Urban Background,West Yorkshire Urban Area,04/01/1993,,53.80378,-1.546472,434259.97,429966.54,78,Automatic Urban and Rural Monitoring Network (AURN); Non-Automatic Hydrocarbon Network,,"The monitoring station is located within a self-contained, air-conditioned housing located approximately 30 metres from a busy 4-lane inner-city road, the A660 which is subject to periodic congestion during peak periods. The location is approximately 150 metres from an urban motorway, the A58(M). The surrounding area is generally open and comprises a busy urban setting road network."
UKA00527,GB0926A,,Leeds Headingley Kerbside,Urban Traffic,West Yorkshire Urban Area,17/02/2008,,53.819972,-1.576361,436049.33,427987.34,85,Automatic Urban and Rural Monitoring Network (AURN); Non-Automatic Hydrocarbon Network; UK Urban NO2 Network,,"The monitoring Station is located within a self contained, air conditioned housing on the east side of the A660 Headingley Lane. The surrounding area contains residential dwellings and commercial premises. Located between Shire Oak Road and St Michaels Road.  The monitoring station is located approximately 1 metre from the kerb."
UKA00234,GB0597A,,Leicester Centre,Urban Background,Leicester Urban Area,04/01/1994,23/09/2013,52.631348,-1.133006,304085.28,458776.89,65,Automatic Urban and Rural Monitoring Network (AURN); Non-Automatic Hydrocarbon Network,,"The monitoring station is located within a self-contained, air-conditioned housing located in a pedestrian piazza between eight and eleven-storey council offices. It is situated approximately 30 metres from the A594 a three lane one-way road which is subject to congestion at peak times. The surrounding area is built up containing commercial premises. "
UKA00226,GB0594A,,Liverpool Centre,Urban Background,Liverpool Urban Area,23/04/1993,23/09/2002,53.40845,-2.980249,390629.5,334934.03,20,Automatic Urban and Rural Monitoring Network (AURN); Non-Automatic Hydrocarbon Network,,Located in St John's Gardens in the city centre.
UKA00247,GB0777A,,Liverpool Speke,Urban Industrial,Liverpool Urban Area,24/11/1995,,53.34633,-2.844333,383603.18,343887.26,26,Automatic Hydrocarbon Network; Automatic Urban and Rural Monitoring Network (AURN); Non-Automatic Hydrocarbon Network; PAH Andersen; PAH Digitel (solid phase),,"The monitoring station is within a self-contained, air-conditioned housing located in a corner of school grounds in a residential area of Speke. The nearest road is approximately 10 metres from the inlet, and is a quiet residential road. The A561 is approximately 140 metres from the station. The surrounding are comprises of residential properties and light industry to the north (approximately 200 metres from the station). Liverpool John Lennon Airport is located approximately 900 metres south of the monitoring station."
UKA00211,GB0566A,,London Bloomsbury,Urban Background,Greater London Urban Area,23/01/1992,,51.52229,-0.125889,182039.31,530118.96,20,Automatic Urban and Rural Monitoring Network (AURN); Non-Automatic Hydrocarbon Network,,"The monitoring station is within a self-contained, air conditioned housing located within the north-east corner of a central London gardens. The gardens are generally laid to grass with many mature trees. All four sides of the gardens are surrounded by a busy 2 lane one-way road system, which is subject to frequent congestion. The nearest road lies at a distance of approximately 25 metres from the station. The area in the in the vicinity of the manifold is surrounded by small buildings (lower than height of manifold)."
UKA01104,GB1546A,,London Farringdon Street,Urban Traffic,Greater London Urban Area,02/05/2025,,51.514741,-0.104522,181238,531623,30,Automatic Urban and Rural Monitoring Network (AURN); Non-Automatic Hydrocarbon Network,,
UKA00248,GB0613A,,Manchester Piccadilly,Urban Background,Greater Manchester Urban Area,18/12/1995,,53.48152,-2.237881,398337.36,384310.87,57,Automatic Urban and Rural Monitoring Network (AURN); Automatic Urban and Rural Monitoring Network (AURN); Black Carbon; Non-Automatic Hydrocarbon Network,,"The monitoring station is within a self contained air conditioned housing in the west-end of central Manchester in a pedestrianised zone approx 3 metres from (electric) tramline. The nearest major road, the A5103 Portland Street is approximately 200 metres from the station. The surrounding area is generally open with commercial property. The site can be exposed to short term pollution events related to nearby food stalls or if events occur in the square."
UKA00220,GB0583A,,Middlesbrough,Urban Background,Teesside Urban Area,01/01/1993,,54.569297,-1.220874,519620.54,450470.86,10,Automatic Hydrocarbon Network; Automatic Urban and Rural Monitoring Network (AURN); Dioxins and Furans; Non-Automatic Hydrocarbon Network; PAH Andersen; PAH Digitel (solid phase),,"The monitoring station is within a self-contained, air-conditioned housing. The site is located within the grounds of Brekon Hill Community Centre in a residential area approximately 1 kilometre south-east of Middlesbrough town centre. The nearest road is a minor road approximately 5 metres from the station. The A66 and a small fuel refinery are approximately 400 metres to the north. The surrounding area is generally residential and comprises an urban background setting with dockside industry to the north."
UKA00213,GB0568A,,Newcastle Centre,Urban Background,Tyneside,08/03/1992,,54.97825,-1.610528,564918.47,425026.15,45,Automatic Urban and Rural Monitoring Network (AURN); Black Carbon; Non-Automatic Hydrocarbon Network; PAH Andersen; PAH Digitel (solid phase),,"The monitoring station is within a self-contained, air-conditioned housing located approximately 20 metres from the B1307 and 180 metres away from a major through road of the city, the B1318 Great North Road. The surrounding area is generally open with a private car park and a grassed area in the immediate vicinity of the monitoring station. "
UKA00380,GB0962A,,Newport,Urban Background,South Wales,01/01/1999,,51.601203,-2.977281,189604.01,332410.02,24,Automatic Urban and Rural Monitoring Network (AURN); Non-Automatic Hydrocarbon Network; PAH Andersen; PAH Digitel (solid phase),,"The monitoring station is located in a self contained, air conditioned housing in the north-west corner of St Julian's School. The nearest road is the M4, with the station approximately 60 metres south of lane 1 protected by a barrier of trees. Further residential access roads surround the site. The surrounding area is urban residential. "
UKA00425,GB0738A,,Northampton,Urban Background,East Midlands,12/01/2001,09/07/2012,52.27349,-0.885933,264510.69,476112.34,129,Automatic Urban and Rural Monitoring Network (AURN); Non-Automatic Hydrocarbon Network,,"The monitoring station is located within a self contained, air conditioned housing within the grounds of University College Northampton, close to the main entrance. UCN is sited on the northern edge of Northampton. The nearest road to the station is Broughton Green Road, approximately 50 metres to the north west of the station. The nearest main road, Holly Lodge Drive is approximately 300 metres away. The manifold inlets are approximately 3 metres above ground level. The surrounding area consists of residential dwellings. "
UKA00567,GB1019A,,Northampton Kingsthorpe,Urban Background,East Midlands,05/07/2012,27/03/2017,52.271886,-0.879898,264338.64,476526.86,128,Automatic Urban and Rural Monitoring Network (AURN); Non-Automatic Hydrocarbon Network,,"The monitoring station is located in a self contained, air conditioned housing located next to a car park on SE edge of the University of Northampton campus.  500m from the nearest through road.The site is approximately 300 mertres west of a large industrial estate."
UKA00355,GB0684A,,Norwich Centre,Urban Background,Eastern,24/07/1997,13/05/2008,52.63203,1.295019,308905.81,623076.73,4,Automatic Urban and Rural Monitoring Network (AURN); Non-Automatic Hydrocarbon Network,,Small grassed open space on edge of city centre.
UKA00549,GB0995A,,Norwich Lakenfields,Urban Background,Eastern,01/09/2009,,52.614823,1.302686,307016.33,623683.15,36,Automatic Urban and Rural Monitoring Network (AURN); Black Carbon; Non-Automatic Hydrocarbon Network,,"The monitoring station is located within a self D61contained, air conditioned housing approximately 400 metres to the north of the A146 and south of Norwich centre. The nearest road to the station is approximately 10 metres and is a minor road. The surrounding area is residential with some small industry. "
UKA00274,GB0646A,,Nottingham Centre,Urban Background,Nottingham Urban Area,02/09/1996,30/01/2024,52.95473,-1.146447,340046.74,457440.49,41,Automatic Urban and Rural Monitoring Network (AURN); Black Carbon; Non-Automatic Hydrocarbon Network; PAH Digitel (solid phase),,"The monitoring station is within a self-contained, air-conditioned housing located in a pedestrianised area. Surrounded by 4 storey commercial buildings. Due to implementation of Turning Point North Scheme the nearest main road, A6008 Lower Parliament Street is now not a major through route within the city centre. Traffic flows primarily comprise of buses and taxis. Only authorised traffic (such as: blue badge holders, private hire vehicles, access for loading / unloading and to off-street car parks) which need access to the Turning Point zone are still able to do so."
UKA01048,GB1490A,,Nottingham Kenmore Gardens,Urban Background,Nottingham Urban Area,23/01/2024,,52.959441,-1.13865,340577.1,457958,46,Automatic Urban and Rural Monitoring Network (AURN); Non-Automatic Hydrocarbon Network; PAH Digitel (solid phase),,"This is an urban background monitoring station in Kenmore Gardens, a park in the St Anns area of Nottingham, to the north east of the city centre. Surroundings are mostly residential."
UKA00258,GB0633A,,Oxford Centre Roadside,Urban Traffic,South East,15/04/1996,,51.751745,-1.257463,206155.28,451354.97,60,Automatic Urban and Rural Monitoring Network (AURN); Non-Automatic Hydrocarbon Network; UK Urban NO2 Network,,"The monitoring station is within the basement of the town hall on the A428 St Aldate's, close to the centre of Oxford. The surrounding area is a popular location for tourists and comprises of urban business and commercial properties. The monitoring station is located approximately 2 metres from the kerb."
UKA00518,GB0920A,,Oxford St Ebbes,Urban Background,South East,01/01/2008,,51.744806,-1.260278,205381.56,451168.47,58,Automatic Urban and Rural Monitoring Network (AURN); Non-Automatic Hydrocarbon Network,,"The monitoring station is located within a self contained, air conditioned housing within the grounds of St Ebbe's School, White House Road. The nearest road a minor road approximately 5 metres from the station. The surrounding area comprises of open fields and residential dwellings. "
UKA00360,GB0687A,,Plymouth Centre,Urban Background,South West,29/09/1997,,50.37167,-4.142361,54613.65,247748.49,18,Automatic Urban and Rural Monitoring Network (AURN); Non-Automatic Hydrocarbon Network; PAH Digitel (solid phase),,"The monitoring station is within an existing brick building located in the main pedestrianised shopping area in the city centre. The nearest road, Royal Parade is approximately 140 metres from the station and is a busy urban dual-carriageway. The surrounding area comprises business and retail outlets in an urban environment. NB:&nbsp;From January 2026, measured pollutant concentrations may be affected by nearby building work."
UKA00501,GB0906A,,Port Talbot Margam,Urban Industrial,Swansea Urban Area,01/01/2007,,51.58395,-3.770822,188718.68,277405.85,5,Automatic Urban and Rural Monitoring Network (AURN); Automatic Urban and Rural Monitoring Network (AURN); Heavy Metals; Non-Automatic Hydrocarbon Network; PAH Digitel (solid phase),,"The monitoring station is within a self-contained, air-conditioned housing located within the grounds of a fire station. The nearest road is approximately 10 metres from the station and is an entrance to the steel works. The nearest main road, A48 Commercial Road, is approximately 115 metres from the station, the M4 is approximately 350 metres to the NW. The surrounding area is open land associated with the steel works and residential dwellings. The monitoring station is located around 150 metres from the steel works boundary fence. "
UKA00421,GB0733A,,Portsmouth,Urban Background,Portsmouth Urban Area,01/01/2001,,50.82881,-1.068583,103665.77,465695.06,5,Automatic Urban and Rural Monitoring Network (AURN); Non-Automatic Hydrocarbon Network; PAH Digitel (solid phase),,"The monitoring station is located in a self contained, air conditioned housing within the grounds of a primary school in a residential area of Hilsea. The manifold inlet is approximately 3.5 metres high and is approximately 5 metres from the kerbside of the nearest road, Curtis Mead. The A2047, London Road is approximately 120 metres from the station and has a traffic flow of 13,000 vehicles per day. The surrounding area is residential in nature. "
UKA00354,GB0683A,,Reading,Urban Background,Reading/Wokingham Urban Area,17/07/1997,04/12/2007,51.45352,-0.95518,173243.93,472695.41,42,Automatic Urban and Rural Monitoring Network (AURN); Non-Automatic Hydrocarbon Network,,In forecourt of technical college approx. 20 metres from eastbound carriageway of A4.
UKA00381,GB0841A,,Scunthorpe Town,Urban Industrial,Yorkshire & Humberside,01/01/1999,,53.58634,-0.636811,410836.36,490337.58,36,Automatic Urban and Rural Monitoring Network (AURN); Heavy Metals; Non-Automatic Hydrocarbon Network; PAH Andersen; PAH Digitel (solid phase),,"The monitoring station is within a self-contained, air-conditioned housing located on an open, grass area adjacent to Rowland Road. The nearest major road, Brigg Road (A1029), is approximately 180 metres to the east of the site. The surrounding area is residential and commercial with a large heavy industrial area 400 metres to the east."
UKA00250,GB0615A,,Sheffield Centre,Urban Background,Sheffield Urban Area,22/12/1995,30/08/2013,53.37772,-1.473306,386892.02,435135.67,35,Automatic Urban and Rural Monitoring Network (AURN); Heavy Metals; Non-Automatic Hydrocarbon Network,,"The monitoring station is within a self-contained, air-conditioned housing within the urban centre of Sheffield and is approximately 20 metres from a busy urban centre road, Charter Row. The surrounding area comprises predominantly of multi-level commercial buildings."
UKA00575,GB1027A,,Sheffield Devonshire Green,Urban Background,Sheffield Urban Area,31/10/2013,,53.378622,-1.478096,386990,434816,89,Automatic Urban and Rural Monitoring Network (AURN); Heavy Metals; Non-Automatic Hydrocarbon Network,,"The monitoring station is within a self-contained air conditioned mobile unit located next to a skate park, within the grounds of Devonshire Green Park. The nearest road is Eldon Street, 45m to the east. The surrounding area is mainly open land with the nearest tree occurring within a distance of 8 meters."
UKA00235,GB0598A,,Southampton Centre,Urban Background,Southampton Urban Area,04/01/1994,,50.908173,-1.395757,112251.87,442580.6,7,Automatic Hydrocarbon Network; Automatic Urban and Rural Monitoring Network (AURN); Non-Automatic Hydrocarbon Network; PAH Digitel (solid phase),,"The monitoring station is within a self-contained air-conditioned housing located at a junction of a residential road (Brinton Road) and a six-lane dual carriageway (Northern Road) with periodic congestion during peak traffic flow periods. The manifold inlet is approximately 10 metres from the residential road kerbside, 20 metres from Northern Road. The surrounding area is mainly urban residential."
UKA00409,GB0728A,,Southend-on-Sea,Urban Background,Southend Urban Area,24/07/2000,,51.544166,0.678331,186207.45,585817.38,37,Automatic Urban and Rural Monitoring Network (AURN); Non-Automatic Hydrocarbon Network,,"The monitoring station is within a self-contained air-conditioned housing located near the Information Centre in Chalkwell Park. The manifold is approximately 90 metres west of the nearest minor road, Chalkwell Road, and about 160 metres S from the nearest major road, A13 London Road. The surrounding area in the immediate vicinity of the site is open park with the wider area comprising predominantly of urban residential premises."
UKA00535,GB0956A,,Stockton-on-Tees Eaglescliffe,Urban Traffic,North East,01/09/2008,,54.516667,-1.358547,513674.44,441623.38,29,Automatic Urban and Rural Monitoring Network (AURN); Non-Automatic Hydrocarbon Network; UK Urban NO2 Network,,"The monitoring station is within a self-contained air-conditioned housing located within the grounds of Eaglescliffe School. The inlet manifold is 4.5 metres from the kerb of the A67, opposite Marion Avenue. The surrounding area is urban residential."
UKA00422,GB0734A,,Stockton-on-Tees Yarm,Urban Traffic,North East,01/01/2001,25/09/2008,54.50918,-1.354319,512843.85,441904.73,8,Automatic Urban and Rural Monitoring Network (AURN); Non-Automatic Hydrocarbon Network,,"Kerbside site (approx 3 meters from road) in a congested small market town with residential accomodation, comercial premises and shopping areas close by. It is in the central part of the high street with street parking close by."
UKA00337,GB0658A,,Stoke-on-Trent Centre,Urban Background,The Potteries,11/03/1997,,53.02821,-2.175133,347894.69,388351.33,172,Automatic Urban and Rural Monitoring Network (AURN); Black Carbon; Non-Automatic Hydrocarbon Network,,"The monitoring station is located in a self-contained, air-conditioned housing situated in the northern part of the central business district of Hanley. The station lies approximately 5 metres from the approach road to a busy multi-storey car park which is located some 50 metres from the station. The nearest busy road is the A50 Potteries Way, a ring-road which lies in a cutting about 130 metres to the north-east of the monitoring site. The surrounding area is open grass with few trees and comprises light commercial properties."
UKA00257,GB0624A,,Tower Hamlets Roadside,Urban Traffic,Greater London Urban Area,01/04/1996,31/01/2025,51.52253,-0.042155,182218.1,535927.05,12,Automatic Urban and Rural Monitoring Network (AURN); Non-Automatic Hydrocarbon Network,,"The monitoring station is located within an existing building, part of Queen Mary and Westfield College on the A11 Mile End Road. The road is a dual carridgeway and frequently congested. The surrounding area mainly comprises of the campus of the University with commercial and residential premises nearby. The site is part of the London Air Quality Network and is owned and funded by the London Borough of Tower Hamlets. The monitoring station is located approximately 4 metres from the kerb."
UKA00482,GB0864A,,Wigan Centre,Urban Background,North West & Merseyside,08/10/2004,,53.54914,-2.638139,406023.56,357816.06,45,Automatic Urban and Rural Monitoring Network (AURN); Non-Automatic Hydrocarbon Network,,"The monitoring station is within a self-contained, air conditioned housing located adjacent to the hockey turf at Deanery High School. The inlet manifold is approximately 180 metres from the nearest minor roads, Frog Lane to the south and Parson's walk to the east. The surrounding area is predominantly residential with industrial and commercial areas to the south."
UKA00423,GB0736A,,Wigan Leigh,Urban Background,Greater Manchester Urban Area,01/01/2001,28/09/2004,53.49422,-2.506899,399843.59,366468.11,30,Automatic Urban and Rural Monitoring Network (AURN); Non-Automatic Hydrocarbon Network,,Leigh Police Station in mostly residential and retail area. Busy A road 30m to the north and industrial site 1km to south.
UKA00523,GB0918A,,York Bootham,Urban Background,Yorkshire & Humberside,01/01/2008,,53.967513,-1.086514,452767.99,460023.83,15,Automatic Urban and Rural Monitoring Network (AURN); Non-Automatic Hydrocarbon Network,,"The monitoring station is within a self-contained, air-conditioned housing located within the SW carpark of Bootham Hospital at the edge of large playing fields. The manifold inlet is 50 metres from the nearest minor road, Grosvenor Terrace. The nearest major road is the A19, 320 metres to the SW. The surrounding area is urban residential."
UKA00524,GB0919A,,York Fishergate,Urban Traffic,Yorkshire & Humberside,01/01/2008,,53.951889,-1.075861,451038.75,460745.34,16,Automatic Urban and Rural Monitoring Network (AURN); Non-Automatic Hydrocarbon Network,,The monitoring station is within a self-contained housing located on a traffic island opposite Fishergate Primary School. The site is situated between the north and south bound lanes of the A19 Fishergate. The surrounding area is predominantly residential with elements of commercial and light industrial properties. The monitoring station is located approximately 1.5 metres from the kerb.
